,date,d2m,t2m,mer,mtdwswrf,mtpr,stl1,swvl1
0,1959-01-01,281.45508,298.13843,-2.018202e-05,482.14645,2.157314e-05,302.4911,0.11529367
1,1959-02-01,284.84808,295.80466,-3.19626e-05,461.00253,3.9699953e-05,298.58606,0.18563259
2,1959-03-01,281.9876,298.02734,-1.3774854e-05,418.50723,5.6381227e-06,301.81314,0.08011679
3,1959-04-01,280.69412,296.20322,-1.1176498e-05,360.30734,6.6655653e-06,299.37244,0.08349546
4,1959-05-01,270.87195,291.71356,-4.2632214e-06,306.72726,5.8074328e-08,293.9816,0.068338655
5,1959-06-01,273.37723,290.04947,-2.5152094e-06,279.21,6.6348678e-09,291.7488,0.06333085
6,1959-07-01,271.94757,289.41428,-2.603422e-06,289.64795,1.2440603e-08,291.032,0.062002953
7,1959-08-01,269.99808,291.09946,-2.7667752e-06,333.09552,2.819144e-09,293.12137,0.05866918
8,1959-09-01,269.8442,294.97693,-3.0640306e-06,389.8416,2.1245829e-07,297.72006,0.056771103
9,1959-10-01,272.09528,297.4767,-3.8598414e-06,440.35983,2.0695065e-06,301.46545,0.061737787
10,1959-11-01,280.60043,297.8514,-1.44656515e-05,472.5478,1.9133853e-05,302.13815,0.09680999
11,1959-12-01,280.5375,298.4698,-1.298286e-05,485.4324,1.0239068e-05,303.35843,0.087924585
12,1960-01-01,284.0896,297.83646,-2.1481299e-05,482.20404,2.9347662e-05,301.54288,0.12024158
13,1960-02-01,288.78177,295.04907,-3.9247287e-05,460.6294,6.451612e-05,297.4131,0.22759794
14,1960-03-01,283.79602,296.68738,-2.1136015e-05,417.1505,7.5101975e-06,299.8535,0.097582094
15,1960-04-01,280.4815,295.38577,-1.176571e-05,358.79874,3.4804573e-06,298.41156,0.082066186
16,1960-05-01,275.1866,290.65228,-1.0430495e-05,305.6281,1.8641219e-06,292.51486,0.08697412
17,1960-06-01,274.31995,288.37582,-4.4281655e-06,278.97433,3.9968673e-09,290.0019,0.06476939
18,1960-07-01,270.51126,287.16864,-2.8221402e-06,290.35052,-7.275958e-12,288.60916,0.05502645
19,1960-08-01,273.02563,292.83322,-3.4523298e-06,334.3995,4.7003844e-08,294.57224,0.04653226
20,1960-09-01,274.32333,296.4155,-5.799482e-06,391.21317,1.5782922e-07,299.30493,0.044245593
21,1960-10-01,275.96378,298.52188,-8.502794e-06,441.3699,3.289027e-06,302.19687,0.056398436
22,1960-11-01,283.54437,297.79065,-1.9949068e-05,473.0451,2.5390631e-05,301.51776,0.11875683
23,1960-12-01,278.50934,299.3027,-9.760614e-06,485.50745,7.932306e-06,304.37253,0.07309081
24,1961-01-01,282.1391,298.53918,-1.49663665e-05,481.78082,8.431243e-06,303.3796,0.08939619
25,1961-02-01,284.00357,297.52414,-1.9557658e-05,460.2912,2.8413195e-05,301.492,0.113963194
26,1961-03-01,287.4748,295.2931,-3.095979e-05,417.47028,3.7241683e-05,297.88086,0.19129232
27,1961-04-01,285.01703,294.4634,-2.1365366e-05,359.1817,2.0815427e-05,296.78485,0.14058733
28,1961-05-01,278.46695,292.00912,-9.548136e-06,305.8919,2.8374652e-06,293.998,0.084591374
29,1961-06-01,274.07962,288.5046,-4.6512982e-06,278.9668,5.050436e-07,290.072,0.07148805
30,1961-07-01,274.56433,289.431,-2.688964e-06,290.04056,1.02834456e-07,290.9949,0.061659656
31,1961-08-01,270.41446,290.6395,-3.6379517e-06,333.88553,2.047087e-10,292.482,0.060022216
32,1961-09-01,273.35504,297.12152,-5.943365e-06,390.6604,1.6397617e-08,299.6633,0.05978037
33,1961-10-01,274.38547,298.5548,-6.9795215e-06,440.91727,1.0373302e-06,302.5128,0.05995889
34,1961-11-01,282.28586,297.4322,-1.690895e-05,472.74747,2.8690578e-05,301.6182,0.1109568
35,1961-12-01,282.0443,297.853,-1.6547458e-05,485.34564,9.485959e-06,302.16254,0.09397573
36,1962-01-01,284.79547,297.6353,-2.2677134e-05,481.81735,3.3508884e-05,301.82565,0.12159929
37,1962-02-01,285.9021,295.80756,-3.035235e-05,460.5007,4.787997e-05,299.02542,0.16841845
38,1962-03-01,283.84747,296.9616,-2.1562986e-05,417.846,1.2275488e-05,300.09412,0.11356667
39,1962-04-01,279.96796,295.17175,-1.0405318e-05,359.61285,8.136197e-06,298.1908,0.08906539
40,1962-05-01,275.29254,292.32944,-4.2143897e-06,306.19913,5.939825e-09,294.57162,0.070442185
41,1962-06-01,271.21146,288.78033,-2.7618396e-06,278.99905,3.8672847e-09,290.34042,0.06127252
42,1962-07-01,271.8761,289.79724,-2.9154621e-06,289.77298,-7.275958e-12,291.3557,0.050702166
43,1962-08-01,272.6662,291.37302,-5.028296e-06,333.4172,5.8369545e-07,293.50565,0.053885598
44,1962-09-01,271.03397,295.60614,-6.605946e-06,390.16,1.9653542e-07,298.2547,0.049648665
45,1962-10-01,275.44098,298.3056,-1.1139106e-05,440.52393,1.3926705e-06,302.07864,0.062015805
46,1962-11-01,279.12927,297.13193,-1.5334726e-05,472.514,1.3096663e-05,301.43192,0.08562351
47,1962-12-01,284.1374,298.83316,-1.6151424e-05,485.24448,2.2785583e-05,303.1285,0.09939378
48,1963-01-01,289.34738,294.67746,-4.331762e-05,481.89554,8.591069e-05,296.6152,0.28204104
49,1963-02-01,286.75107,297.38696,-2.8530947e-05,460.7488,3.4422297e-05,300.42682,0.13586135
50,1963-03-01,290.20987,294.6559,-3.748128e-05,418.2563,7.203376e-05,296.45862,0.28455466
51,1963-04-01,286.69067,293.01794,-3.0597952e-05,360.07547,2.2454316e-05,294.64328,0.2115565
52,1963-05-01,277.40112,290.4086,-1.1347911e-05,306.53458,1.2681078e-07,292.42062,0.08159194
53,1963-06-01,274.53702,288.07315,-5.5248083e-06,279.06042,2.4711795e-08,289.69736,0.067548595
54,1963-07-01,273.28635,288.13434,-4.7989347e-06,289.53198,6.8468524e-09,289.51694,0.06386176
55,1963-08-01,272.0661,290.96295,-6.150174e-06,332.97815,5.8415065e-08,292.8101,0.060535822
56,1963-09-01,273.8579,295.8688,-9.640331e-06,389.69318,4.576726e-08,298.25815,0.060022507
57,1963-10-01,279.12692,297.1008,-1.6841976e-05,440.16772,1.6438084e-05,300.28235,0.09505987
58,1963-11-01,286.84506,295.867,-2.7853564e-05,472.3204,4.337474e-05,298.9486,0.16600983
59,1963-12-01,283.2595,297.8792,-2.350957e-05,485.1894,7.982885e-06,301.7638,0.10376185
60,1964-01-01,282.6092,298.65707,-1.7940403e-05,481.99136,1.5825757e-05,302.95233,0.09481172
61,1964-02-01,282.52182,298.31354,-1.625798e-05,460.4115,2.8032042e-05,302.54767,0.10932341
62,1964-03-01,286.59448,297.5935,-2.592608e-05,416.93198,2.868793e-05,300.63873,0.13714197
63,1964-04-01,280.4852,295.8377,-1.09208195e-05,358.59622,9.380398e-06,298.88803,0.0965409
64,1964-05-01,275.18866,292.22397,-4.4981966e-06,305.4605,4.0221646e-08,294.33887,0.075114205
65,1964-06-01,270.4418,287.49063,-3.5916814e-06,278.85083,1.6044417e-08,289.09637,0.07283192
66,1964-07-01,270.7697,287.73953,-2.6277157e-06,290.25705,-7.275958e-12,289.25244,0.064251326
67,1964-08-01,270.80823,290.9839,-3.8950993e-06,334.30838,5.9164864e-09,292.6833,0.06293773
68,1964-09-01,270.91556,294.56696,-5.029993e-06,391.0942,7.259014e-09,297.14124,0.06306506
69,1964-10-01,273.2281,296.8488,-7.1013083e-06,441.2115,7.779158e-07,300.74954,0.06431414
70,1964-11-01,277.13553,297.14734,-1.3542341e-05,472.85385,1.4537947e-05,301.16864,0.09063441
71,1964-12-01,282.47415,297.51483,-1.7061417e-05,485.30276,2.1040243e-05,301.77728,0.10212722
72,1965-01-01,285.1741,297.61227,-2.0641628e-05,481.70697,2.8773942e-05,302.0898,0.11954139
73,1965-02-01,286.07587,296.70847,-2.7226719e-05,460.20605,2.6545935e-05,300.49008,0.13585645
74,1965-03-01,284.4194,296.51205,-1.801599e-05,417.37225,1.6277352e-05,299.8811,0.11194889
75,1965-04-01,284.11615,294.20413,-2.1059317e-05,359.0821,2.0210047e-05,296.55054,0.14058822
76,1965-05-01,273.16513,291.37244,-6.486749e-06,305.8117,-7.275958e-12,293.24216,0.07541956
77,1965-06-01,271.19656,288.00485,-4.5242964e-06,278.9215,-7.275958e-12,289.2347,0.07183601
78,1965-07-01,271.28278,289.00104,-4.454394e-06,290.0314,1.1509281e-07,290.06995,0.06607571
79,1965-08-01,271.71866,291.88583,-4.9807077e-06,333.89023,9.871637e-11,293.48178,0.06222288
80,1965-09-01,273.04953,295.34827,-7.035336e-06,390.6543,8.189092e-07,297.96054,0.064850286
81,1965-10-01,271.81418,296.31683,-8.244067e-06,440.88623,1.4445552e-06,300.01743,0.06974494
82,1965-11-01,282.75577,296.85812,-1.93977e-05,472.69305,3.5446265e-05,300.7188,0.12631693
83,1965-12-01,282.45444,297.92288,-2.3160022e-05,485.27686,1.5965396e-05,301.74405,0.11557061
84,1966-01-01,288.98294,296.27872,-3.371948e-05,481.86932,7.7601304e-05,299.39542,0.22351184
85,1966-02-01,286.43365,296.26865,-3.608309e-05,460.53467,2.3430084e-05,299.17978,0.17331177
86,1966-03-01,286.38333,295.78928,-2.4864283e-05,417.85684,2.2446107e-05,298.71536,0.13297401
87,1966-04-01,282.34668,294.219,-2.0317424e-05,359.60666,1.237682e-05,296.6614,0.11473518
88,1966-05-01,275.33487,291.81967,-9.493666e-06,306.19803,8.88412e-09,293.74677,0.07419314
89,1966-06-01,275.3517,289.6715,-6.6883367e-06,279.02844,1.2285486e-06,290.90692,0.07284638
90,1966-07-01,273.49457,289.94702,-5.5923006e-06,289.8382,6.6818466e-09,291.24692,0.062873274
91,1966-08-01,271.58014,291.36307,-6.4106416e-06,333.50842,1.0783865e-07,293.20795,0.060633518
92,1966-09-01,274.01495,294.70517,-1.0032613e-05,390.2557,2.1590513e-06,297.24136,0.06842012
93,1966-10-01,278.6589,298.17572,-1.23864e-05,440.60724,3.9521083e-06,301.6619,0.07270735
94,1966-11-01,278.79413,299.34222,-9.799651e-06,472.58176,4.8084225e-06,303.64642,0.07134571
95,1966-12-01,285.12634,297.3032,-2.5520378e-05,485.3048,3.175326e-05,301.18027,0.1316345
96,1967-01-01,287.60635,296.20544,-2.9815055e-05,482.03552,6.664597e-05,299.56165,0.19306509
97,1967-02-01,289.5974,294.8087,-4.009834e-05,460.86737,5.4395194e-05,296.7478,0.26138112
98,1967-03-01,286.61746,295.7316,-3.153481e-05,418.34308,1.9802657e-05,298.4647,0.14521022
99,1967-04-01,280.60107,293.48633,-1.8737954e-05,360.13507,7.2615126e-06,296.34506,0.098646566
100,1967-05-01,277.96082,291.57825,-1.0638536e-05,306.5889,1.4147135e-07,293.5265,0.0785438
101,1967-06-01,273.25555,287.9186,-6.590123e-06,279.13882,9.871637e-11,289.2564,0.072433904
102,1967-07-01,272.18082,287.44742,-4.8290904e-06,289.65048,-7.275958e-12,288.6358,0.06540069
103,1967-08-01,273.16135,291.3683,-4.972205e-06,333.13004,9.46655e-10,292.96414,0.060439818
104,1967-09-01,273.91028,295.41852,-7.78469e-06,389.85944,9.932135e-09,297.7973,0.063436024
105,1967-10-01,276.10965,297.52472,-9.653037e-06,440.33118,5.981957e-06,301.10187,0.071925744
106,1967-11-01,287.51642,295.52927,-3.2403022e-05,472.47513,4.6712285e-05,298.29083,0.18597953
107,1967-12-01,286.71362,295.79346,-3.762299e-05,485.33795,4.292942e-05,298.51303,0.18662865
108,1968-01-01,285.01736,297.61438,-2.6698419e-05,482.14835,1.9708134e-05,301.8441,0.11945064
109,1968-02-01,281.9714,297.65125,-2.1185871e-05,460.5461,1.884539e-05,301.7567,0.109506644
110,1968-03-01,288.02292,294.51926,-3.5630652e-05,417.0335,4.9829527e-05,296.6288,0.2155871
111,1968-04-01,280.46536,294.12048,-1.9634428e-05,358.6676,1.0451601e-05,296.4512,0.10753266
112,1968-05-01,275.07394,291.39264,-7.756296e-06,305.52707,2.4255178e-06,293.28717,0.07818933
113,1968-06-01,269.4108,286.93854,-3.5411526e-06,278.9389,2.7078647e-08,288.42587,0.06903499
114,1968-07-01,271.13174,289.05612,-2.7804808e-06,290.38705,-7.275958e-12,290.2674,0.064312816
115,1968-08-01,269.07782,292.23978,-3.1104937e-06,334.47302,5.9280927e-09,293.76007,0.063108996
116,1968-09-01,271.47122,296.01593,-5.456956e-06,391.27475,3.6123115e-08,298.53442,0.06555689
117,1968-10-01,273.7766,298.01486,-9.331387e-06,441.3905,1.5983729e-06,301.70834,0.06947279
118,1968-11-01,282.9574,297.0138,-1.9770003e-05,473.02536,2.308559e-05,301.21762,0.10661442
119,1968-12-01,282.61542,297.7152,-2.1613796e-05,485.4687,9.938062e-06,301.90744,0.09820995
120,1969-01-01,285.54492,297.8023,-2.6423506e-05,481.8795,4.107927e-05,301.8427,0.13602553
121,1969-02-01,289.15637,295.69675,-4.1691703e-05,460.3565,6.298499e-05,298.29486,0.23671137
122,1969-03-01,288.75018,295.31638,-3.4930068e-05,417.488,3.5457797e-05,297.51102,0.20025206
123,1969-04-01,284.1089,294.65482,-2.3112865e-05,359.16623,1.1856758e-05,296.67047,0.12661386
124,1969-05-01,275.16266,291.9114,-7.885182e-06,305.8883,7.152971e-09,293.95496,0.07099266
125,1969-06-01,273.9097,289.96097,-4.4955673e-06,279.0224,1.3382802e-08,291.44006,0.06643866
126,1969-07-01,272.14035,288.80005,-3.7456286e-06,290.17035,-7.275958e-12,290.21188,0.06457959
127,1969-08-01,273.02185,292.27127,-4.7791173e-06,334.06604,4.056202e-07,293.97577,0.06511731
128,1969-09-01,269.70584,294.47552,-5.861242e-06,390.84805,1.2764758e-07,297.20636,0.065292165
129,1969-10-01,272.81427,296.47714,-8.546905e-06,441.08105,3.5730634e-06,300.22675,0.072143085
130,1969-11-01,283.18814,297.53818,-1.7854396e-05,472.88074,2.2093027e-05,301.3871,0.111632
131,1969-12-01,281.9319,298.3604,-1.873794e-05,485.45956,1.15222965e-05,302.54013,0.09874508
132,1970-01-01,285.54642,298.02475,-2.9009783e-05,481.9759,4.5268647e-05,301.87073,0.14921452
133,1970-02-01,288.3898,295.89206,-4.1408086e-05,460.62213,4.6632118e-05,298.09808,0.21398021
134,1970-03-01,283.44443,297.81046,-2.3494593e-05,417.91486,2.0402631e-05,300.72253,0.12008328
135,1970-04-01,278.2035,296.67972,-7.989731e-06,359.64145,1.9068681e-06,299.91788,0.074072406
136,1970-05-01,273.8149,292.83536,-5.1868483e-06,306.232,4.793378e-08,294.89374,0.07064208
137,1970-06-01,273.8185,289.6692,-4.194042e-06,279.08807,9.348724e-10,291.21106,0.06872523
138,1970-07-01,270.04013,288.86063,-4.0538644e-06,289.937,-7.275958e-12,290.11426,0.062775336
139,1970-08-01,269.75507,291.23822,-5.23237e-06,333.63824,6.28678e-10,292.95428,0.061983988
140,1970-09-01,270.52234,295.6102,-6.8144363e-06,390.39578,2.279215e-08,298.31406,0.061382636
141,1970-10-01,276.09778,297.5338,-1.2749936e-05,440.74115,7.588178e-06,300.5629,0.08189878
142,1970-11-01,278.1478,298.47928,-1.0995317e-05,472.7042,7.159862e-06,302.90668,0.076065786
143,1970-12-01,282.38458,297.029,-2.3318555e-05,485.42117,3.1765318e-05,301.19846,0.13483962
144,1971-01-01,286.8661,295.79007,-3.424213e-05,481.97232,4.9495902e-05,299.08868,0.17776093
145,1971-02-01,290.68262,294.33795,-4.548553e-05,460.79233,0.00010166631,296.44656,0.33745137
146,1971-03-01,287.37473,296.1847,-3.7602047e-05,418.2543,1.5930846e-05,298.28156,0.15702032
147,1971-04-01,283.54175,295.53723,-1.9265244e-05,360.04306,7.892174e-06,298.20276,0.09727995
148,1971-05-01,277.46698,291.90283,-9.696072e-06,306.51483,4.0879922e-07,294.0109,0.07684606
149,1971-06-01,275.2094,289.6295,-6.422313e-06,279.10193,5.852113e-08,290.929,0.07321415
150,1971-07-01,272.95395,289.12244,-5.4730167e-06,289.64627,2.481746e-08,290.45135,0.07059535
151,1971-08-01,270.3004,290.18826,-7.937757e-06,333.1425,9.013678e-09,291.95486,0.07096006
152,1971-09-01,272.6341,295.27573,-9.413789e-06,389.86218,6.015777e-08,297.6266,0.067961276
153,1971-10-01,273.98907,297.53125,-1.1103436e-05,440.31024,8.237021e-07,301.18832,0.06946556
154,1971-11-01,276.8089,297.46924,-9.501696e-06,472.43118,5.5974724e-06,302.18066,0.071843885
155,1971-12-01,279.5366,297.994,-1.3655181e-05,485.282,1.4679001e-05,302.71738,0.086341195
156,1972-01-01,287.23752,295.82068,-3.4448665e-05,482.10074,4.592632e-05,298.72662,0.17881335
157,1972-02-01,281.20923,297.15518,-2.1230926e-05,460.48578,1.3046096e-05,301.28912,0.10133305
158,1972-03-01,289.13702,294.28235,-3.549567e-05,416.95764,7.175071e-05,296.4628,0.25637996
159,1972-04-01,285.2517,293.674,-2.5293437e-05,358.58734,1.3170097e-05,295.6509,0.14505523
160,1972-05-01,275.88647,290.30054,-1.0573248e-05,305.4629,-7.275958e-12,292.09375,0.07934984
161,1972-06-01,273.09064,287.99316,-6.4288615e-06,278.91144,-7.275958e-12,289.5674,0.0714322
162,1972-07-01,273.77,288.0574,-5.3470844e-06,290.3933,-7.275958e-12,289.492,0.06447613
163,1972-08-01,271.6812,290.8716,-7.4380378e-06,334.49567,1.1422191e-07,292.58694,0.06468235
164,1972-09-01,272.32895,293.98965,-1.018099e-05,391.28958,-7.275958e-12,296.51477,0.06619712
165,1972-10-01,279.3292,297.92838,-1.3031182e-05,441.38293,9.8675355e-06,301.11978,0.08053087
166,1972-11-01,278.86658,299.38138,-1.2028591e-05,472.99634,5.099207e-06,303.08606,0.07891483
167,1972-12-01,282.45734,300.53113,-1.40925895e-05,485.42838,9.984542e-06,305.16544,0.08196465
168,1973-01-01,283.4422,299.47806,-1.7945931e-05,481.71344,1.3067823e-05,304.288,0.09024937
169,1973-02-01,284.6824,298.65646,-1.767339e-05,460.18204,2.0325275e-05,303.45767,0.10181697
170,1973-03-01,289.802,296.43787,-3.4531255e-05,417.30936,4.6769e-05,299.1199,0.20047742
171,1973-04-01,283.2766,294.8675,-2.0159374e-05,358.99792,1.3302601e-05,297.15363,0.12783742
172,1973-05-01,274.87363,292.96112,-6.021465e-06,305.7491,3.054719e-09,295.02072,0.07278366
173,1973-06-01,274.59244,289.60266,-5.01059e-06,278.9223,4.131601e-08,291.14014,0.07460346
174,1973-07-01,272.1957,288.70242,-4.4094827e-06,290.1049,5.4585917e-07,290.05627,0.07101857
175,1973-08-01,271.19504,290.7403,-6.765244e-06,334.00653,1.943562e-08,292.75336,0.06704278
176,1973-09-01,272.79977,295.16223,-9.793797e-06,390.76694,2.7367169e-09,297.7744,0.06613249
177,1973-10-01,279.57034,296.5504,-1.9068319e-05,440.96494,1.7242217e-05,299.7109,0.10526845
178,1973-11-01,278.57397,298.14273,-1.609549e-05,472.7352,5.775301e-06,302.23343,0.08110341
179,1973-12-01,282.72464,296.83725,-2.0262169e-05,485.30255,1.864376e-05,301.11014,0.10982144
180,1974-01-01,289.54514,294.07376,-4.1224906e-05,481.78635,8.40234e-05,296.70395,0.2731085
181,1974-02-01,290.19867,294.36093,-4.4239045e-05,460.42502,7.014685e-05,296.6056,0.29784256
182,1974-03-01,287.3434,294.1095,-3.7989266e-05,417.71603,1.5326561e-05,296.08984,0.17155579
183,1974-04-01,286.6259,292.84622,-2.74929e-05,359.45508,1.8425528e-05,294.8967,0.16017653
184,1974-05-01,278.4537,289.5886,-1.51879685e-05,306.0779,1.3410063e-07,291.4365,0.09050612
185,1974-06-01,276.04108,287.68896,-1.0236088e-05,278.97748,1.2213063e-06,288.97882,0.08264379
186,1974-07-01,274.87747,287.2916,-7.755387e-06,289.85742,9.871637e-11,288.72116,0.06969592
187,1974-08-01,271.75974,289.33032,-8.960711e-06,333.56244,4.694337e-07,291.0723,0.06669326
188,1974-09-01,274.67288,293.6845,-1.2203753e-05,390.29562,1.3225196e-07,296.0767,0.07220887
189,1974-10-01,279.24585,296.36072,-1.8060055e-05,440.6035,1.22063275e-05,299.7487,0.08836423
190,1974-11-01,283.28445,295.79053,-3.137589e-05,472.53586,2.1120413e-05,299.09442,0.14779022
191,1974-12-01,283.07767,297.42035,-2.3637678e-05,485.24075,1.7727236e-05,301.52805,0.10572187
192,1975-01-01,286.11502,297.30838,-3.1020038e-05,481.81552,3.0437124e-05,301.22742,0.14418787
193,1975-02-01,285.38943,297.13977,-2.7175716e-05,460.62717,1.6973761e-05,301.2646,0.110014625
194,1975-03-01,288.36423,294.39288,-3.8542286e-05,418.08356,4.6430585e-05,296.77167,0.21688744
195,1975-04-01,284.15472,293.9622,-2.1804497e-05,359.88068,8.271267e-06,296.21243,0.11611203
196,1975-05-01,278.19757,290.90298,-1.29363425e-05,306.3809,1.0207382e-06,292.86093,0.08876382
197,1975-06-01,275.80637,288.09882,-7.82911e-06,279.00903,1.450121e-08,289.66837,0.07475488
198,1975-07-01,272.26395,288.24515,-6.7435885e-06,289.58612,1.1764951e-07,289.73526,0.065592855
199,1975-08-01,273.23053,290.29688,-8.099982e-06,333.08945,4.550394e-09,292.132,0.06375089
200,1975-09-01,274.28476,295.26303,-1.263119e-05,389.7886,3.0105472e-08,297.57693,0.06349193
201,1975-10-01,276.45023,297.6319,-1.35700575e-05,440.20276,1.8786885e-06,300.95966,0.06756772
202,1975-11-01,281.7873,297.73267,-2.2151053e-05,472.29462,1.2424066e-05,301.61832,0.09564134
203,1975-12-01,280.58182,297.87802,-1.879217e-05,485.1297,1.2986897e-05,302.20425,0.09195266
204,1976-01-01,289.66525,295.17474,-3.985702e-05,481.94907,8.624189e-05,298.04227,0.2697487
205,1976-02-01,288.14893,294.5432,-4.223861e-05,460.32565,4.9209186e-05,297.04868,0.23087619
206,1976-03-01,288.4343,294.35794,-3.7418544e-05,416.792,3.762236e-05,296.4194,0.22350177
207,1976-04-01,284.66165,293.31583,-2.5353114e-05,358.4297,1.0732789e-05,295.3268,0.12765142
208,1976-05-01,277.83084,289.7653,-1.386884e-05,305.33328,1.199327e-08,291.55856,0.08423841
209,1976-06-01,275.69394,288.37512,-8.3419145e-06,278.82138,7.482806e-09,289.90173,0.07587931
210,1976-07-01,272.7255,287.0358,-7.0055407e-06,290.33694,9.871637e-11,288.60522,0.06906668
211,1976-08-01,271.59467,289.43478,-7.795519e-06,334.44635,1.3029604e-08,291.30655,0.06463995
212,1976-09-01,273.98328,294.0966,-1.2374851e-05,391.21945,2.3532134e-06,296.63052,0.07065201
213,1976-10-01,278.27847,296.05298,-1.605866e-05,441.2798,2.997536e-06,299.37015,0.07887446
214,1976-11-01,279.34717,297.84445,-1.7870727e-05,472.86517,7.2848634e-06,302.18265,0.08022602
215,1976-12-01,281.90735,298.64142,-1.8354476e-05,485.2823,9.862649e-06,303.08676,0.08875205
216,1977-01-01,285.2331,297.6381,-2.9118515e-05,481.71707,3.292218e-05,301.563,0.13819015
217,1977-02-01,288.3025,294.641,-3.540952e-05,460.17117,7.041023e-05,297.52002,0.22221427
218,1977-03-01,287.49115,295.13977,-3.439733e-05,417.27887,2.0090381e-05,297.3353,0.16936542
219,1977-04-01,285.2536,294.09113,-2.475128e-05,358.95578,1.5040721e-05,296.21494,0.13929756
220,1977-05-01,277.73386,290.65717,-1.3529333e-05,305.71802,9.591259e-07,292.7077,0.08721323
221,1977-06-01,274.56137,288.4643,-8.018068e-06,278.92447,1.900586e-09,290.0254,0.071560554
222,1977-07-01,274.48306,288.5686,-7.4954623e-06,290.14243,-7.275958e-12,289.9885,0.06691882
223,1977-08-01,274.67142,291.3469,-9.609173e-06,334.06482,1.1852056e-08,293.11935,0.06496431
224,1977-09-01,276.39777,294.4099,-1.3598803e-05,390.82382,1.9067976e-06,297.2722,0.068795905
225,1977-10-01,278.68027,297.32092,-1.8018027e-05,441.0045,6.053237e-06,300.63907,0.08372669
226,1977-11-01,281.8454,299.13385,-1.952502e-05,472.75702,8.972667e-06,303.30133,0.08405187
227,1977-12-01,285.58643,297.55533,-2.6152304e-05,485.31375,3.3983975e-05,301.62766,0.1332472
228,1978-01-01,286.03058,295.96597,-3.048046e-05,481.9701,5.264527e-05,299.3204,0.17315774
229,1978-02-01,289.54733,294.4408,-4.2094285e-05,460.5873,6.4548214e-05,296.59808,0.26504764
230,1978-03-01,288.79916,295.01553,-3.5997826e-05,417.84222,2.7589522e-05,297.3789,0.1821863
231,1978-04-01,282.70917,292.982,-2.0621983e-05,359.54852,1.3286093e-06,295.75754,0.09697472
232,1978-05-01,279.27313,290.5597,-1.4982855e-05,306.1615,2.0096407e-07,292.48206,0.08688672
233,1978-06-01,275.23682,287.04083,-9.298999e-06,279.08344,1.0634381e-07,288.6434,0.08054109
234,1978-07-01,274.16428,287.86786,-6.8374634e-06,290.00357,1.0909455e-08,289.0938,0.06662129
235,1978-08-01,273.76123,291.62012,-8.14433e-06,333.74628,1.1432823e-07,293.41754,0.064388596
236,1978-09-01,274.91522,294.46503,-1.1163337e-05,390.49927,3.1761746e-07,297.22623,0.068208635
237,1978-10-01,275.37003,296.2747,-1.5807595e-05,440.8088,2.868977e-06,300.0811,0.07536284
238,1978-11-01,283.5659,297.70096,-2.2880653e-05,472.7354,1.4218748e-05,301.1951,0.10177908
239,1978-12-01,283.34778,298.00507,-2.2588243e-05,485.42972,1.3557691e-05,302.50296,0.09933752
240,1979-01-01,287.49777,297.01877,-2.976872e-05,482.19492,4.9138853e-05,300.70636,0.16632093
241,1979-02-01,289.72473,295.81976,-4.3779946e-05,460.97574,5.7146837e-05,298.64548,0.22491749
242,1979-03-01,285.11505,296.1807,-3.0593732e-05,418.37967,6.310766e-06,299.23145,0.122177966
243,1979-04-01,282.8569,295.4333,-1.9601315e-05,360.1204,2.9111711e-06,298.3952,0.0897818
244,1979-05-01,278.10974,291.20837,-1.2235477e-05,306.58862,1.3266663e-06,293.45212,0.08031064
245,1979-06-01,275.47913,288.1329,-9.080399e-06,279.2278,1.0373411e-06,289.86636,0.08043693
246,1979-07-01,271.93457,287.3706,-5.870063e-06,289.84937,4.1575326e-08,289.0175,0.06504952
247,1979-08-01,274.1006,291.23758,-7.2616085e-06,333.40796,8.692166e-07,293.1783,0.06540509
248,1979-09-01,275.5155,295.83035,-1.1538865e-05,390.15002,1.6235857e-06,298.32776,0.07264654
249,1979-10-01,279.73306,297.02982,-1.8488794e-05,440.5863,1.0746047e-05,300.37726,0.09211799
250,1979-11-01,285.22147,297.3394,-2.3888408e-05,472.6855,2.6954422e-05,300.84763,0.12664278
251,1979-12-01,284.95364,298.6034,-1.9359764e-05,485.52362,1.6686286e-05,303.01758,0.10354791
252,1980-01-01,283.63953,298.7285,-1.8710334e-05,482.29602,1.6751537e-05,303.4801,0.097740255
253,1980-02-01,287.62885,296.85492,-2.9418241e-05,460.64127,4.544863e-05,300.59497,0.15733263
254,1980-03-01,288.81363,295.15353,-3.8003407e-05,417.05664,4.753e-05,297.14276,0.22178307
255,1980-04-01,280.19708,294.19553,-2.0218002e-05,358.6419,1.7099272e-06,296.8402,0.08890193
256,1980-05-01,277.2685,291.52872,-1.2045487e-05,305.5197,2.2709774e-08,293.44116,0.07836382
257,1980-06-01,274.3344,288.2004,-8.223501e-06,279.02164,4.9389652e-09,289.6623,0.07433056
258,1980-07-01,272.73987,287.65808,-5.9105914e-06,290.58066,3.8790673e-09,288.9058,0.063617125
259,1980-08-01,272.99808,290.8872,-8.5769825e-06,334.74246,1.3874185e-06,292.49493,0.07295516
260,1980-09-01,275.78003,295.12915,-1.2132237e-05,391.55386,4.1124977e-06,297.54706,0.07705799
261,1980-10-01,274.71118,298.02847,-1.2081952e-05,441.63232,6.490528e-07,301.36957,0.07002448
262,1980-11-01,275.98877,296.7322,-1.4990507e-05,473.22253,7.152383e-06,301.07407,0.0828221
263,1980-12-01,283.34338,298.60184,-2.1844722e-05,485.63788,2.7390332e-05,302.92413,0.11689749
264,1981-01-01,285.63712,297.06412,-3.22531e-05,482.01367,3.1090003e-05,300.83722,0.14959964
265,1981-02-01,287.18777,297.1812,-2.8012788e-05,460.43875,3.0486155e-05,300.92612,0.13698554
266,1981-03-01,285.71402,296.08157,-2.2732667e-05,417.50037,2.0836871e-05,299.64175,0.12724344
267,1981-04-01,280.42297,294.474,-1.401771e-05,359.1314,3.989003e-06,297.26514,0.090166815
268,1981-05-01,276.17853,291.32993,-8.293472e-06,305.87244,9.167012e-08,293.49313,0.07656262
269,1981-06-01,272.0862,287.4409,-5.1138195e-06,279.09286,2.8527067e-08,288.89896,0.067891136
270,1981-07-01,272.23047,288.72064,-5.090354e-06,290.35614,-7.275958e-12,290.06897,0.06283802
271,1981-08-01,270.21698,290.37576,-6.5273352e-06,334.32654,7.4467306e-07,292.32455,0.06419641
272,1981-09-01,271.5421,294.46826,-8.345571e-06,391.1175,1.6814413e-07,296.84457,0.06528719
273,1981-10-01,273.92053,297.13647,-1.0264053e-05,441.3114,1.9038654e-06,300.63132,0.06929416
274,1981-11-01,278.69968,298.71057,-1.3554414e-05,473.0651,6.641023e-06,303.0682,0.08025828
275,1981-12-01,282.07648,299.4011,-1.6682992e-05,485.61758,1.311151e-05,303.9751,0.08884486
276,1982-01-01,283.28326,298.44507,-2.2113023e-05,481.9672,3.139897e-05,302.9544,0.11917349
277,1982-02-01,288.53943,297.07996,-3.887975e-05,460.5685,4.5161694e-05,300.12848,0.18771695
278,1982-03-01,287.87555,296.17563,-3.0637675e-05,417.8042,3.191219e-05,299.22034,0.15962383
279,1982-04-01,282.06265,293.68173,-2.1108828e-05,359.50085,1.3841032e-05,296.1992,0.12598568
280,1982-05-01,277.06763,291.60138,-8.873901e-06,306.12552,2.647667e-07,293.39005,0.0763637
281,1982-06-01,274.59473,288.96487,-7.3342267e-06,279.078,1.8435061e-08,290.4278,0.07016446
282,1982-07-01,272.23492,287.378,-6.228345e-06,290.0355,1.3679691e-07,288.76437,0.06673945
283,1982-08-01,272.59912,291.92276,-7.3187725e-06,333.79922,6.2342873e-09,293.51303,0.062184628
284,1982-09-01,275.3706,295.56085,-9.723858e-06,390.5494,1.455154e-06,297.76337,0.06865503
285,1982-10-01,277.4274,296.9598,-9.231778e-06,440.8417,4.183672e-06,300.573,0.06788374
286,1982-11-01,280.7523,298.05457,-1.552164e-05,472.74936,1.4712573e-05,302.1001,0.09272851
287,1982-12-01,283.52048,298.1385,-2.5774612e-05,485.43582,2.9045625e-05,301.65317,0.13184191
288,1983-01-01,288.63425,297.88538,-3.437747e-05,482.0332,3.2842894e-05,301.5461,0.15307774
289,1983-02-01,283.72195,299.47437,-2.0708068e-05,460.80612,1.2199156e-05,303.47736,0.09352478
290,1983-03-01,283.78802,297.9213,-1.9623285e-05,418.205,1.586908e-05,301.48453,0.10539699
291,1983-04-01,281.89487,296.51672,-1.3086071e-05,359.95474,3.4740158e-06,299.52164,0.083569594
292,1983-05-01,275.9162,292.13528,-8.441047e-06,306.45184,1.558076e-06,294.3283,0.07741552
293,1983-06-01,274.73166,289.12836,-9.104755e-06,279.13168,6.1722335e-06,290.15283,0.0961674
294,1983-07-01,273.34924,289.31915,-4.389526e-06,289.78662,-7.275958e-12,290.63434,0.0645502
295,1983-08-01,271.8814,289.93164,-7.484083e-06,333.35187,1.1333525e-08,291.7161,0.06730772
296,1983-09-01,273.7913,295.85477,-1.0493393e-05,390.07275,4.4230183e-07,298.1384,0.06563828
297,1983-10-01,280.1917,297.66632,-1.359231e-05,440.47504,6.735644e-06,301.04984,0.08061987
298,1983-11-01,281.12662,297.71887,-1.6285378e-05,472.54477,2.1996038e-05,301.88336,0.104747824
299,1983-12-01,286.68878,296.61954,-3.4266766e-05,485.36694,3.5920733e-05,299.8722,0.16375011
300,1984-01-01,285.4294,298.5354,-2.5250914e-05,481.99182,1.8308592e-05,302.44473,0.11401456
301,1984-02-01,286.40878,297.85144,-3.0436782e-05,460.33585,3.5281828e-05,300.9862,0.14774655
302,1984-03-01,288.40588,296.95465,-2.830005e-05,416.7594,3.9623555e-05,299.60007,0.16909696
303,1984-04-01,285.3792,294.8261,-2.1438276e-05,358.37125,1.4304618e-05,297.00864,0.13649711
304,1984-05-01,278.071,292.56848,-8.418182e-06,305.29376,3.7984202e-07,294.72928,0.08075784
305,1984-06-01,275.1391,288.73044,-5.4518814e-06,278.84268,1.3137985e-07,290.29877,0.07431948
306,1984-07-01,272.10056,288.52625,-4.8043817e-06,290.43277,9.744098e-08,289.76227,0.06736597
307,1984-08-01,271.6351,292.01562,-5.6222625e-06,334.58768,4.1669335e-10,293.74704,0.06348768
308,1984-09-01,272.6936,295.58228,-8.358859e-06,391.36053,1.272e-07,298.05923,0.063408375
309,1984-10-01,278.29114,296.71967,-1.344398e-05,441.38983,1.0790455e-05,300.19284,0.08557709
310,1984-11-01,283.0006,298.3041,-1.8185363e-05,472.9421,1.6163633e-05,302.0452,0.10383299
311,1984-12-01,280.71246,299.00235,-1.6038019e-05,485.34088,9.34765e-06,303.3515,0.08753737
312,1985-01-01,284.382,298.26346,-2.1095846e-05,481.63342,3.9193925e-05,302.71506,0.1310609
313,1985-02-01,289.1276,295.1295,-4.384696e-05,460.06082,6.2196974e-05,297.42984,0.2361687
314,1985-03-01,286.49774,296.00723,-3.347619e-05,417.13715,2.3112165e-05,298.44293,0.15860951
315,1985-04-01,281.00116,294.803,-1.5942367e-05,358.804,3.629906e-06,297.29935,0.0891641
316,1985-05-01,277.538,291.58813,-1.07145925e-05,305.59802,9.204653e-07,293.68588,0.080795646
317,1985-06-01,273.72495,288.72195,-6.8861477e-06,278.87253,4.0290903e-08,290.11743,0.070792235
318,1985-07-01,272.04205,288.55173,-5.937674e-06,290.1618,1.1451552e-08,289.8267,0.064610496
319,1985-08-01,273.54984,291.72723,-7.4616596e-06,334.1185,8.170976e-10,293.53787,0.06352647
320,1985-09-01,274.8781,295.24023,-1.0279727e-05,390.86255,7.876471e-08,297.71414,0.06356273
321,1985-10-01,281.484,296.84802,-1.8877794e-05,441.00003,1.4113718e-05,299.8454,0.09542646
322,1985-11-01,281.42435,297.83307,-1.878611e-05,472.71036,1.8354966e-05,301.3483,0.102558084
323,1985-12-01,281.521,297.25305,-2.2509652e-05,485.24286,1.8081353e-05,301.32596,0.10855165
324,1986-01-01,288.13104,297.5412,-3.4155742e-05,481.73047,6.122754e-05,300.6144,0.18943852
325,1986-02-01,288.9065,296.02606,-4.4111126e-05,460.32742,5.1251387e-05,298.36908,0.22955821
326,1986-03-01,288.4626,295.07593,-3.7829846e-05,417.56522,4.7449335e-05,297.24713,0.21475455
327,1986-04-01,282.99612,295.1936,-1.6314569e-05,359.27948,5.076985e-06,297.6585,0.09149246
328,1986-05-01,277.5615,293.1258,-8.686173e-06,305.94113,1.8564442e-08,294.9008,0.07690655
329,1986-06-01,274.4052,289.31323,-5.4200627e-06,278.9385,1.406571e-08,290.68347,0.07019797
330,1986-07-01,273.14462,289.51007,-4.943396e-06,289.92816,1.6703483e-08,290.74716,0.06415591
331,1986-08-01,272.0649,291.54016,-6.503228e-06,333.69135,7.0233637e-09,293.2547,0.0627518
332,1986-09-01,275.9158,295.5368,-9.838781e-06,390.41135,2.6732491e-06,298.0822,0.06711552
333,1986-10-01,280.91913,295.9735,-1.6967297e-05,440.6616,1.6179167e-05,299.5278,0.101010285
334,1986-11-01,282.154,297.46124,-1.7232096e-05,472.53482,1.8524504e-05,301.15338,0.10222506
335,1986-12-01,284.2013,299.45255,-2.046825e-05,485.2076,1.6918626e-05,303.34436,0.10047034
336,1987-01-01,284.2997,299.47708,-1.67091e-05,481.8806,1.7963815e-05,304.17273,0.095651396
337,1987-02-01,290.72723,296.75406,-4.2363798e-05,460.64554,7.4357275e-05,299.40314,0.2423857
338,1987-03-01,285.6963,297.7297,-2.5955225e-05,418.03912,1.4686124e-05,301.0281,0.11950821
339,1987-04-01,283.5565,297.08774,-1.475494e-05,359.79623,6.9825855e-06,299.78464,0.093672305
340,1987-05-01,278.2722,294.00018,-8.670928e-06,306.3209,1.2718488e-06,295.8628,0.07838465
341,1987-06-01,273.18643,289.03467,-4.63375e-06,279.04153,-7.275958e-12,290.6614,0.06741874
342,1987-07-01,271.8629,288.58218,-4.798038e-06,289.7294,4.6867973e-07,289.93115,0.06508503
343,1987-08-01,271.36887,291.82843,-6.1254104e-06,333.3022,3.5139853e-09,293.53992,0.06285814
344,1987-09-01,274.71255,294.20596,-7.5659113e-06,390.00336,1.3917871e-06,297.09613,0.066937685
345,1987-10-01,280.32114,297.63046,-1.3340118e-05,440.37198,9.498311e-06,300.92142,0.08347969
346,1987-11-01,284.00378,299.75378,-1.8943992e-05,472.41312,1.8213983e-05,303.2778,0.104107
347,1987-12-01,283.22925,298.58655,-1.894083e-05,485.222,2.6295425e-05,302.84128,0.11421358
348,1988-01-01,286.80594,298.4116,-3.2444896e-05,482.0798,4.6835154e-05,301.6859,0.1762918
349,1988-02-01,287.0195,298.20276,-2.5595318e-05,460.40527,2.80181e-05,301.97418,0.12134024
350,1988-03-01,285.1789,297.5976,-2.2657221e-05,416.80072,1.803095e-05,300.8162,0.12442581
351,1988-04-01,284.9753,295.1866,-2.0656305e-05,358.39185,2.4443523e-05,297.61914,0.1413238
352,1988-05-01,278.06714,292.21097,-7.986784e-06,305.31616,4.3093786e-07,294.07303,0.082502626
353,1988-06-01,274.3223,289.52893,-3.738241e-06,278.89346,3.2077658e-09,291.24738,0.068986215
354,1988-07-01,270.52914,288.7859,-3.0310857e-06,290.52136,8.307205e-09,290.07825,0.063266784
355,1988-08-01,271.4895,291.8709,-3.3599488e-06,334.70453,1.707352e-07,293.75266,0.061150853
356,1988-09-01,272.71686,296.17462,-5.101781e-06,391.48566,5.1961115e-07,298.76672,0.06446209
357,1988-10-01,275.47266,297.78003,-9.8892015e-06,441.50647,5.1222055e-06,301.3733,0.07401668
358,1988-11-01,284.09213,298.07422,-1.8861962e-05,473.04602,1.9338695e-05,301.61435,0.10825987
359,1988-12-01,287.80252,296.50812,-3.3976987e-05,485.43692,6.0154634e-05,299.71527,0.1887581
360,1989-01-01,287.0916,296.12393,-3.5451543e-05,481.98114,5.7211822e-05,299.25226,0.195784
361,1989-02-01,287.5738,295.1761,-3.820038e-05,460.37717,6.250064e-05,297.25366,0.23174843
362,1989-03-01,284.5288,297.15134,-2.1155938e-05,417.40323,9.7051325e-06,300.30017,0.094411455
363,1989-04-01,284.4624,294.37112,-1.765896e-05,359.0172,1.6050604e-05,296.92377,0.118272856
364,1989-05-01,280.17297,293.6766,-7.1502104e-06,305.78464,6.0034716e-07,295.6926,0.077283666
365,1989-06-01,273.43408,288.62915,-5.3169747e-06,279.07385,3.0387195e-08,290.1998,0.07126008
366,1989-07-01,272.80884,288.90173,-4.1230114e-06,290.40634,-7.275958e-12,290.42682,0.05808571
367,1989-08-01,273.1338,292.9076,-4.3824084e-06,334.4154,9.46655e-10,294.7666,0.05335336
368,1989-09-01,272.13135,295.7195,-6.7283117e-06,391.19754,4.424832e-08,298.38788,0.05394048
369,1989-10-01,275.00928,297.65936,-9.562179e-06,441.35355,6.020783e-07,301.37988,0.059922975
370,1989-11-01,276.64496,299.0572,-9.50338e-06,473.06845,3.5284795e-06,303.29123,0.065781094
371,1989-12-01,278.84055,300.28586,-9.875187e-06,485.60132,3.898857e-06,305.22653,0.06739417
372,1990-01-01,288.9547,296.95786,-3.5203117e-05,482.0451,7.1461036e-05,300.3291,0.21121441
373,1990-02-01,286.2138,297.0799,-3.824494e-05,460.6133,2.4713429e-05,299.9402,0.1678361
374,1990-03-01,290.29587,295.49988,-3.800198e-05,417.8037,4.8407273e-05,298.13715,0.21422707
375,1990-04-01,284.31693,294.05167,-2.6276906e-05,359.46954,1.8511939e-05,295.98083,0.15677382
376,1990-05-01,276.72437,292.936,-8.020561e-06,306.10748,8.118786e-09,294.67075,0.074146986
377,1990-06-01,274.178,290.09613,-5.255109e-06,279.12024,3.982036e-08,291.60757,0.07175559
378,1990-07-01,273.2539,290.34903,-5.179358e-06,290.15247,2.096707e-08,291.6322,0.069712564
379,1990-08-01,274.0508,292.8788,-5.5177707e-06,333.96484,5.8650386e-08,294.56418,0.06706732
380,1990-09-01,272.71326,296.32074,-7.535351e-06,390.71997,1.4021172e-07,298.9507,0.06777888
381,1990-10-01,279.1571,297.90482,-1.1642872e-05,440.98544,1.0479616e-05,301.42365,0.08045627
382,1990-11-01,280.8107,298.91354,-1.59301e-05,472.86203,1.6076408e-05,302.8052,0.09356162
383,1990-12-01,285.02054,297.99408,-2.61669e-05,485.53033,2.6501119e-05,302.05127,0.124956325
384,1991-01-01,286.88202,296.73474,-3.519024e-05,482.10468,5.3286003e-05,299.8977,0.18341473
385,1991-02-01,288.44495,295.92667,-4.105102e-05,460.84338,5.99596e-05,298.09592,0.22634819
386,1991-03-01,288.30078,296.18915,-3.3042135e-05,418.19873,2.9246146e-05,298.88913,0.16563457
387,1991-04-01,278.24963,295.5291,-1.1526285e-05,359.91833,4.2673224e-07,298.24118,0.07521495
388,1991-05-01,275.66855,292.87402,-7.2912076e-06,306.42953,1.4648088e-09,294.88348,0.07144654
389,1991-06-01,272.92136,288.77808,-5.3680806e-06,279.16653,1.0980276e-08,290.38168,0.06918012
390,1991-07-01,272.4646,289.31903,-4.190353e-06,289.89795,3.17616e-07,290.95886,0.0634078
391,1991-08-01,271.1964,292.72992,-4.137588e-06,333.51248,2.047087e-10,294.61282,0.05628273
392,1991-09-01,275.692,295.9337,-1.1413758e-05,390.238,4.721598e-06,298.4967,0.07290119
393,1991-10-01,278.0443,296.46237,-1.4589805e-05,440.61258,1.5642028e-05,299.92413,0.09317638
394,1991-11-01,284.25073,296.83765,-2.488361e-05,472.64972,2.4857036e-05,299.9017,0.13749225
395,1991-12-01,287.69092,296.1375,-3.455833e-05,485.45334,4.1574982e-05,299.49136,0.17383276
396,1992-01-01,287.4755,298.17432,-3.1724245e-05,482.14938,2.9521267e-05,301.20416,0.15375008
397,1992-02-01,283.55283,299.37845,-1.8825833e-05,460.45657,1.6214035e-05,303.49918,0.09687773
398,1992-03-01,284.7319,297.8698,-2.0823752e-05,416.82654,2.7442793e-05,301.59296,0.13118081
399,1992-04-01,279.65918,296.9602,-9.2308355e-06,358.39877,3.0830768e-06,299.74963,0.08059551
400,1992-05-01,272.6594,293.27426,-4.360496e-06,305.32706,9.35663e-08,295.25266,0.07114345
401,1992-06-01,272.31287,290.1128,-2.0119005e-06,278.9331,-7.275958e-12,291.69577,0.060689893
402,1992-07-01,270.88467,289.05356,-1.8147222e-06,290.59848,3.419675e-09,290.58154,0.05587209
403,1992-08-01,269.80566,291.38763,-2.4358333e-06,334.8088,3.2563636e-07,293.4145,0.053695172
404,1992-09-01,273.98663,296.3757,-6.114964e-06,391.59506,4.775909e-06,298.97266,0.066240065
405,1992-10-01,274.49783,297.44464,-8.45148e-06,441.60596,1.8836813e-06,301.157,0.073511735
406,1992-11-01,278.25726,298.1952,-1.0548051e-05,473.132,8.688147e-06,302.55984,0.08032098
407,1992-12-01,278.98328,299.53207,-1.2093734e-05,485.51407,7.708457e-06,304.4445,0.07954169
408,1993-01-01,283.95456,298.76562,-1.742003e-05,481.75406,2.8602433e-05,303.41934,0.111537315
409,1993-02-01,288.5098,295.57275,-3.7933794e-05,460.1456,5.9565737e-05,298.27042,0.22455162
410,1993-03-01,287.22867,296.16638,-3.1615804e-05,417.17242,2.0729885e-05,298.96844,0.13926452
411,1993-04-01,283.6856,294.21484,-2.2549671e-05,358.80396,1.5545676e-05,296.4858,0.13240701
412,1993-05-01,277.30945,293.50922,-9.77127e-06,305.60782,1.3001457e-07,295.35034,0.07659617
413,1993-06-01,272.61115,289.26834,-5.144951e-06,278.94128,-7.275958e-12,290.66888,0.06599953
414,1993-07-01,274.79312,289.8861,-4.0179184e-06,290.30496,1.18248835e-07,291.2873,0.06461889
415,1993-08-01,272.33,292.06915,-5.1732422e-06,334.31403,4.1077783e-07,293.87772,0.063392036
416,1993-09-01,272.43304,296.20453,-7.3933743e-06,391.06735,3.8098423e-07,298.33524,0.06819219
417,1993-10-01,283.6103,298.15735,-1.9483401e-05,441.18213,1.9155286e-05,301.0181,0.108699866
418,1993-11-01,283.41214,297.49384,-2.3038874e-05,472.86407,2.7165468e-05,301.1015,0.13023038
419,1993-12-01,284.71838,298.45923,-2.3492858e-05,485.3815,2.6251031e-05,302.2904,0.12406577
420,1994-01-01,288.7501,295.6542,-3.753411e-05,481.77066,7.305376e-05,298.48804,0.21355364
421,1994-02-01,288.06433,295.52692,-4.0831415e-05,460.33575,4.1337153e-05,298.09686,0.21049112
422,1994-03-01,283.68015,298.3939,-1.8057586e-05,417.53098,4.649871e-06,301.841,0.08152853
423,1994-04-01,281.3551,295.6469,-1.8726607e-05,359.2199,8.515536e-06,298.15076,0.097045094
424,1994-05-01,274.21176,293.04202,-8.640393e-06,305.89954,8.978255e-09,295.0304,0.071847685
425,1994-06-01,271.04507,287.9637,-4.3336254e-06,278.96048,7.055574e-08,289.73984,0.061724547
426,1994-07-01,269.41705,287.5735,-2.6932287e-06,290.02216,4.82114e-09,288.97787,0.052275337
427,1994-08-01,269.80667,291.5655,-4.5162687e-06,333.83078,6.827157e-08,293.21982,0.052962143
428,1994-09-01,273.70715,296.7399,-6.477755e-06,390.55078,1.9558333e-07,299.23096,0.05504902
429,1994-10-01,276.2685,298.36493,-1.0395997e-05,440.77057,2.0247694e-06,301.8063,0.06701584
430,1994-11-01,282.62537,298.4554,-1.8038492e-05,472.60992,1.989696e-05,302.38593,0.10070814
431,1994-12-01,280.9871,299.96408,-1.4389815e-05,485.26022,8.2873285e-06,304.3349,0.088613145
432,1995-01-01,279.9809,300.50504,-9.293646e-06,481.83246,4.6759315e-06,305.65317,0.070628464
433,1995-02-01,289.26315,296.65665,-3.432511e-05,460.56992,5.1143976e-05,299.82428,0.19006747
434,1995-03-01,286.6761,296.96045,-2.8237466e-05,417.92932,2.6195978e-05,299.78946,0.14732149
435,1995-04-01,279.8718,295.47415,-1.4398166e-05,359.67105,6.079298e-06,297.85938,0.1012034
436,1995-05-01,279.0284,292.63367,-8.940368e-06,306.2231,5.377697e-06,294.80148,0.08785763
437,1995-06-01,273.24786,289.55286,-5.280749e-06,279.00983,2.261058e-07,291.0179,0.07589641
438,1995-07-01,272.0682,290.03406,-4.178649e-06,289.77002,-7.275958e-12,291.2732,0.06443123
439,1995-08-01,272.22583,292.93314,-5.8406754e-06,333.38104,2.2309521e-08,294.57068,0.06557526
440,1995-09-01,275.62677,296.59174,-1.0289559e-05,390.07217,2.185064e-06,299.0226,0.07352388
441,1995-10-01,273.8712,297.7016,-1.080542e-05,440.4006,7.770304e-06,301.4192,0.07300717
442,1995-11-01,279.8971,298.7491,-1.7364246e-05,472.4017,1.0399693e-05,302.29947,0.097921744
443,1995-12-01,279.03986,298.29486,-1.4386647e-05,485.18835,1.2836436e-05,302.787,0.08768177
444,1996-01-01,287.49405,296.4395,-3.658605e-05,481.8982,5.6179408e-05,299.5565,0.19483711
445,1996-02-01,284.65195,297.73447,-2.2875773e-05,460.2013,2.4347126e-05,301.68167,0.10958695
446,1996-03-01,284.06775,297.87955,-2.0389367e-05,416.5744,8.937645e-06,301.1155,0.110826515
447,1996-04-01,279.88245,296.81314,-1.1399201e-05,358.16687,8.0263544e-07,299.8152,0.07776027
448,1996-05-01,276.69708,293.34073,-6.085377e-06,305.13464,2.2221985e-07,295.64606,0.0710985
449,1996-06-01,273.92883,290.22012,-3.7890968e-06,278.78763,2.736742e-09,291.89688,0.065603174
450,1996-07-01,268.60428,287.62808,-3.5774613e-06,290.48175,4.601647e-07,289.19385,0.06437033
451,1996-08-01,267.21933,291.5013,-5.430442e-06,334.6899,4.1669335e-10,293.29248,0.06609194
452,1996-09-01,272.32706,295.28152,-6.0622665e-06,391.44458,7.836876e-07,298.09244,0.063825086
453,1996-10-01,273.998,298.83936,-7.4639793e-06,441.41138,4.5344171e-07,302.643,0.066309884
454,1996-11-01,278.16528,297.14905,-1.3583357e-05,472.90204,1.3693845e-05,301.2653,0.089004554
455,1996-12-01,282.3292,298.26837,-2.112526e-05,485.26898,3.0212965e-05,302.36853,0.11484322
456,1997-01-01,287.68707,295.53815,-3.732328e-05,481.6436,6.704268e-05,298.21725,0.22476189
457,1997-02-01,288.3483,296.03253,-4.266828e-05,460.0255,4.4990706e-05,298.3749,0.2000918
458,1997-03-01,288.81235,294.98962,-3.7612393e-05,417.04303,4.4333585e-05,297.05023,0.21734683
459,1997-04-01,279.15115,294.175,-1.8328166e-05,358.67712,2.1020868e-07,296.46686,0.09052632
460,1997-05-01,275.30936,291.00912,-9.502078e-06,305.5046,2.987281e-07,293.14343,0.07714438
461,1997-06-01,273.3718,289.8337,-5.803528e-06,278.87442,1.7681131e-08,291.14978,0.06939304
462,1997-07-01,273.62054,289.45963,-4.7067983e-06,290.27356,4.821216e-09,290.71707,0.06623715
463,1997-08-01,271.0275,292.74344,-5.148226e-06,334.29364,3.4525516e-07,294.4257,0.062256962
464,1997-09-01,277.01587,296.18362,-1.0505929e-05,391.03116,5.1765983e-06,298.31253,0.08286981
465,1997-10-01,279.63443,298.35477,-1.3312122e-05,441.11734,1.0740207e-05,301.56638,0.0848531
466,1997-11-01,278.48755,298.48346,-1.42953395e-05,472.7741,3.6443555e-06,302.6638,0.082790196
467,1997-12-01,285.6381,298.84378,-2.1857384e-05,485.27783,4.9209124e-05,302.5923,0.14509349
468,1998-01-01,287.3103,298.08942,-3.373999e-05,481.87003,2.6433298e-05,301.1023,0.1531886
469,1998-02-01,284.92868,300.35864,-1.6596157e-05,460.41626,1.7950873e-05,304.83163,0.09716721
470,1998-03-01,285.17267,299.29117,-1.4188174e-05,417.58273,1.9569363e-05,303.01636,0.101716824
471,1998-04-01,283.50824,297.02252,-1.8798994e-05,359.24933,1.1217263e-05,299.26007,0.11803369
472,1998-05-01,273.38873,293.29193,-6.072466e-06,305.9289,-7.275958e-12,295.36945,0.074022
473,1998-06-01,269.60452,290.51904,-3.289667e-06,279.01553,-7.275958e-12,291.56036,0.06779045
474,1998-07-01,273.23666,290.82605,-2.0559664e-06,290.11673,5.26747e-07,292.39993,0.060875393
475,1998-08-01,273.26038,292.27313,-3.327663e-06,333.95575,3.1329392e-08,294.42676,0.068490356
476,1998-09-01,274.79865,297.37067,-6.4526253e-06,390.68524,1.2995459e-06,299.8082,0.07176237
477,1998-10-01,277.37778,298.66876,-9.389471e-06,440.8975,7.622305e-06,302.40826,0.07448249
478,1998-11-01,280.24283,298.68854,-1.2315177e-05,472.7252,1.007405e-05,302.88824,0.08384196
479,1998-12-01,286.0697,297.60596,-2.5168854e-05,485.3691,4.2103162e-05,301.5634,0.14588009
480,1999-01-01,286.11865,298.08636,-2.7924641e-05,482.06607,3.793889e-05,301.54364,0.14633678
481,1999-02-01,287.21695,298.24673,-2.938781e-05,460.77774,2.6100604e-05,301.64648,0.13241203
482,1999-03-01,286.64236,297.07693,-2.665557e-05,418.0982,3.759644e-05,299.65872,0.16438898
483,1999-04-01,280.39105,296.35516,-1.0991789e-05,359.8011,6.063885e-07,298.82126,0.07924903
484,1999-05-01,275.9262,293.0692,-6.993222e-06,306.33768,1.1424073e-06,295.06842,0.07661896
485,1999-06-01,272.86615,290.23828,-4.9152045e-06,279.14218,2.940178e-07,291.6391,0.07094976
486,1999-07-01,273.8373,289.98047,-3.4551442e-06,289.94498,8.813199e-09,291.46356,0.064681925
487,1999-08-01,271.7682,292.02274,-4.3943082e-06,333.59854,-7.275958e-12,293.9354,0.06469072
488,1999-09-01,270.33676,294.55173,-6.114816e-06,390.31522,8.3677287e-07,297.2117,0.06778977
489,1999-10-01,275.80884,297.4027,-1.08418035e-05,440.65045,4.9874056e-06,300.60068,0.07968976
490,1999-11-01,281.44852,298.69476,-1.5227611e-05,472.64868,1.7140497e-05,302.7252,0.09175541
491,1999-12-01,289.68033,295.8019,-4.145621e-05,485.42923,7.600614e-05,298.23947,0.2521382
492,2000-01-01,286.6228,295.66916,-4.1486503e-05,482.26767,4.342002e-05,298.20303,0.20401312
493,2000-02-01,287.53864,296.23117,-2.9715278e-05,460.53973,5.9004717e-05,299.34818,0.1883813
494,2000-03-01,288.2098,295.7478,-3.3327935e-05,416.85995,3.3615852e-05,298.00946,0.1892035
495,2000-04-01,284.83237,294.3104,-2.4466846e-05,358.39716,1.1314156e-05,296.31192,0.1369707
496,2000-05-01,277.83517,291.37268,-1.1629668e-05,305.33585,2.212714e-06,293.17307,0.08690931
497,2000-06-01,275.56033,289.4298,-6.3409316e-06,278.99768,2.849139e-08,290.6694,0.075107895
498,2000-07-01,273.1314,289.0004,-4.600067e-06,290.74075,-7.275958e-12,290.36703,0.069254726
499,2000-08-01,272.23642,291.95078,-4.9335695e-06,335.00296,4.1734287e-09,293.57446,0.06794518
500,2000-09-01,273.52887,295.6017,-7.942625e-06,391.79868,1.9383917e-07,298.1599,0.0702643
501,2000-10-01,277.74472,299.11783,-1.23860145e-05,441.78607,5.341333e-06,302.2557,0.07871429
502,2000-11-01,275.40475,298.3323,-9.311979e-06,473.28314,2.0156785e-06,302.7331,0.07002157
503,2000-12-01,283.96683,298.62457,-1.5393221e-05,485.64874,1.3747908e-05,303.0926,0.09101912
504,2001-01-01,284.4647,298.90945,-2.4097839e-05,481.93982,3.5782075e-05,303.1738,0.12943262
505,2001-02-01,288.1605,296.27063,-3.5715246e-05,460.29282,5.9150225e-05,298.74954,0.21007845
506,2001-03-01,288.84998,295.59055,-3.724901e-05,417.26514,3.9631e-05,297.27377,0.22152768
507,2001-04-01,287.97784,294.16528,-2.7074291e-05,358.8525,3.5920984e-05,295.75195,0.18699877
508,2001-05-01,279.43417,291.26953,-1.6086367e-05,305.65894,2.1981116e-06,292.61612,0.11805311
509,2001-06-01,275.3535,289.0163,-7.5117064e-06,279.04465,7.686777e-08,290.3421,0.08135525
510,2001-07-01,272.6578,288.49893,-4.539123e-06,290.48706,3.956102e-08,289.7911,0.071995296
511,2001-08-01,271.79172,291.48047,-6.4120236e-06,334.55505,6.402561e-07,293.28433,0.07223925
512,2001-09-01,274.424,294.68182,-1.2931905e-05,391.32526,5.0189888e-06,296.8898,0.08719511
513,2001-10-01,275.94296,298.42682,-1.2683028e-05,441.4245,1.3107448e-06,301.71188,0.07271389
514,2001-11-01,281.81674,297.74268,-1.8263638e-05,473.08228,2.4951705e-05,301.66406,0.111689664
515,2001-12-01,280.16895,298.96954,-1.7529987e-05,485.5852,1.0142481e-05,303.0645,0.095102325
516,2002-01-01,285.57257,298.54205,-2.55158e-05,482.06595,3.0204686e-05,302.6674,0.12392531
517,2002-02-01,287.6543,297.34155,-3.0829062e-05,460.58823,3.73406e-05,300.27676,0.16673347
518,2002-03-01,288.65894,296.08472,-3.69663e-05,417.71848,4.397893e-05,298.18045,0.19839364
519,2002-04-01,282.6516,295.97156,-1.6726008e-05,359.35083,3.1587963e-06,298.44025,0.08850229
520,2002-05-01,274.86542,292.2217,-9.805329e-06,306.02005,2.9127621e-08,294.01544,0.07779274
521,2002-06-01,272.9653,288.39975,-6.205806e-06,279.12833,8.707458e-09,289.91382,0.07358518
522,2002-07-01,270.93494,289.92957,-5.244382e-06,290.2697,9.871637e-11,290.99792,0.06835973
523,2002-08-01,273.4388,292.05103,-5.643848e-06,334.14737,3.6932576e-07,293.96936,0.068219505
524,2002-09-01,271.4342,295.0876,-7.2262674e-06,390.89755,5.740237e-08,297.5058,0.0704395
525,2002-10-01,277.78918,298.50113,-1.1182408e-05,441.11304,6.3220837e-06,301.8651,0.080004975
526,2002-11-01,280.93768,298.11642,-1.7057064e-05,472.93527,2.4111781e-05,301.86304,0.10741651
527,2002-12-01,284.4514,298.02878,-2.8924575e-05,485.5744,2.5627929e-05,301.30908,0.14089169
528,2003-01-01,286.58197,298.7661,-2.7473065e-05,482.00385,3.556888e-05,302.6133,0.13899477
529,2003-02-01,288.70068,297.39386,-3.886369e-05,460.703,4.5497207e-05,300.12463,0.19838579
530,2003-03-01,283.26065,298.39264,-1.8140998e-05,418.00946,8.074255e-06,302.0234,0.09062866
531,2003-04-01,282.9034,296.405,-1.5735393e-05,359.7091,1.0114643e-05,298.85214,0.10356123
532,2003-05-01,275.95456,293.04666,-8.91098e-06,306.26456,2.640737e-08,294.90808,0.07604691
533,2003-06-01,274.2282,289.6101,-5.1233947e-06,279.104,7.625657e-08,291.28305,0.07200226
534,2003-07-01,272.82556,289.20526,-4.510022e-06,289.9422,-7.275958e-12,290.4288,0.06817143
535,2003-08-01,269.041,291.08234,-5.3309045e-06,333.61072,2.8545168e-09,292.82333,0.066367954
536,2003-09-01,273.70438,295.83487,-9.397727e-06,390.31805,1.9639704e-06,298.08838,0.07188172
537,2003-10-01,277.91956,298.841,-1.3065824e-05,440.6293,9.243656e-06,302.0988,0.081986465
538,2003-11-01,284.65637,298.0655,-2.7960175e-05,472.6046,2.4702158e-05,301.10983,0.13235661
539,2003-12-01,283.83054,299.09177,-1.9924351e-05,485.3771,2.4951423e-05,303.0789,0.1087235
540,2004-01-01,289.546,296.36707,-4.4161894e-05,482.03574,6.695824e-05,298.7792,0.24806459
541,2004-02-01,288.03464,296.61624,-3.653409e-05,460.3034,4.0923886e-05,299.3911,0.1750756
542,2004-03-01,288.17868,296.36612,-2.8509383e-05,416.6244,3.3415345e-05,299.15274,0.16014299
543,2004-04-01,284.86115,294.67606,-2.0818115e-05,358.17972,1.8851677e-05,296.8398,0.14121547
544,2004-05-01,275.18488,292.28326,-3.9133747e-06,305.15604,1.3453623e-08,294.3274,0.06806757
545,2004-06-01,273.18106,289.24298,-1.762587e-06,278.86517,3.918405e-08,290.84213,0.06402589
546,2004-07-01,270.3292,289.31253,-1.0526137e-06,290.6353,6.0264014e-08,290.88712,0.055290733
547,2004-08-01,270.46356,293.63956,-1.5314808e-06,334.8978,5.3528037e-08,295.24142,0.055804513
548,2004-09-01,268.51782,296.01685,-2.242563e-06,391.66315,1.2456123e-07,298.55682,0.059361685
549,2004-10-01,276.40738,298.48795,-9.37494e-06,441.60928,9.562185e-06,301.66574,0.08407317
550,2004-11-01,283.43927,298.82965,-2.194851e-05,473.07208,2.8337532e-05,302.05252,0.13156413
551,2004-12-01,279.74237,299.7173,-1.1439547e-05,485.4222,1.1801422e-05,304.2712,0.08460908
552,2005-01-01,288.29898,298.1027,-3.5813213e-05,481.66895,5.11818e-05,301.01804,0.18323147
553,2005-02-01,287.30988,298.2537,-3.1350686e-05,460.01767,3.7823556e-05,301.3246,0.1492565
554,2005-03-01,286.7468,296.8196,-2.7324337e-05,416.9954,3.5731457e-05,299.601,0.16753325
555,2005-04-01,284.06235,296.03513,-1.952041e-05,358.60547,1.4412958e-05,297.9786,0.12249638
556,2005-05-01,277.22464,294.00275,-6.2569284e-06,305.45367,1.4700737e-07,295.9041,0.075386696
557,2005-06-01,273.34882,291.65274,-2.998003e-06,278.8862,7.346703e-10,292.94843,0.06659577
558,2005-07-01,270.5844,290.1412,-1.700991e-06,290.35834,-7.275958e-12,291.4153,0.06045261
559,2005-08-01,270.26996,293.36304,-2.050475e-06,334.42224,6.252459e-08,295.28452,0.055869903
560,2005-09-01,269.3174,296.5272,-3.1942172e-06,391.15796,5.6860877e-08,299.22592,0.05778275
561,2005-10-01,275.888,299.8539,-6.3271814e-06,441.2113,4.8096003e-06,303.27563,0.068673454
562,2005-11-01,278.1095,299.2477,-1.12668195e-05,472.83295,1.709423e-05,303.5112,0.087125175
563,2005-12-01,281.17966,299.45218,-1.1052562e-05,485.31854,1.0935311e-05,304.08252,0.08285215
564,2006-01-01,290.5267,295.52853,-4.2404106e-05,481.75055,9.540928e-05,297.71622,0.2808232
565,2006-02-01,290.72488,295.1853,-4.360917e-05,460.27234,7.409445e-05,296.87457,0.29884672
566,2006-03-01,289.59802,294.4953,-3.7038866e-05,417.41113,5.1174582e-05,296.06207,0.25160247
567,2006-04-01,285.75198,293.7869,-2.8815522e-05,359.07126,8.67795e-06,295.2265,0.14138441
568,2006-05-01,276.98053,290.1585,-1.3965854e-05,305.78653,6.3792413e-07,291.73743,0.08711681
569,2006-06-01,272.71353,288.6873,-6.2867243e-06,278.9448,1.0526473e-09,289.6495,0.0688736
570,2006-07-01,272.9504,289.57632,-4.4257326e-06,290.11496,7.228878e-10,290.42075,0.06372969
571,2006-08-01,268.94058,290.43872,-4.287271e-06,333.98477,5.38655e-09,292.0184,0.06401076
572,2006-09-01,273.22556,295.3194,-6.2204044e-06,390.69543,2.0512302e-06,297.59814,0.06942457
573,2006-10-01,282.83987,297.1627,-1.7592743e-05,440.8609,1.8475152e-05,300.12054,0.10414279
574,2006-11-01,282.79343,298.20334,-1.7140675e-05,472.64426,1.8617757e-05,301.91595,0.105561614
575,2006-12-01,284.5866,298.25223,-2.0903291e-05,485.26596,4.0365143e-05,302.1919,0.13657059
576,2007-01-01,284.55328,299.05533,-2.1880825e-05,481.81726,3.086513e-05,302.65933,0.12483328
577,2007-02-01,284.4753,298.3919,-2.5669855e-05,460.51007,1.658121e-05,302.14172,0.11080669
578,2007-03-01,286.3505,297.8926,-2.015808e-05,417.81308,2.0141973e-05,301.1006,0.1160033
579,2007-04-01,282.5426,296.41373,-1.2163652e-05,359.52545,7.280542e-06,299.22574,0.0945668
580,2007-05-01,274.1701,293.06583,-3.6257402e-06,306.1119,8.559489e-08,295.16806,0.070652604
581,2007-06-01,270.67712,288.81406,-2.2311485e-06,278.99515,4.197044e-09,290.44748,0.06584611
582,2007-07-01,269.43597,289.2784,-1.2061209e-06,289.86472,1.0526473e-09,290.3998,0.05462223
583,2007-08-01,268.613,292.26883,-1.3897126e-06,333.5374,2.047087e-10,293.98285,0.04599713
584,2007-09-01,269.66748,297.60138,-2.1259912e-06,390.22064,1.264632e-09,300.11166,0.04791545
585,2007-10-01,274.91797,298.51685,-4.2073716e-06,440.49542,7.1511354e-06,302.26382,0.05682841
586,2007-11-01,278.14056,299.38,-9.881848e-06,472.43933,9.097198e-06,303.4151,0.08102206
587,2007-12-01,279.7322,298.81992,-9.832621e-06,485.1954,1.1968699e-05,303.6713,0.07642599
588,2008-01-01,286.37198,297.3872,-2.3906017e-05,481.9024,5.5094657e-05,300.90176,0.16912162
589,2008-02-01,289.75366,295.74753,-4.1479434e-05,460.1597,6.7016525e-05,297.62198,0.2525655
590,2008-03-01,289.37234,294.80145,-3.9865812e-05,416.474,4.4034692e-05,296.22736,0.24977766
591,2008-04-01,280.65826,293.74063,-2.1212996e-05,358.03564,1.1745323e-06,295.85168,0.093818605
592,2008-05-01,277.48947,292.85452,-1.0884781e-05,305.03775,8.5029245e-07,294.30103,0.07851129
593,2008-06-01,273.22507,289.444,-5.9931e-06,278.78745,1.464834e-09,290.39206,0.07174864
594,2008-07-01,271.8619,289.21094,-3.2673593e-06,290.59045,4.1669335e-10,290.2685,0.061132327
595,2008-08-01,271.04636,292.82123,-2.964127e-06,334.86105,1.264632e-09,294.38123,0.05650641
596,2008-09-01,269.94754,296.8532,-4.6540686e-06,391.6082,2.047087e-10,299.1517,0.06237674
597,2008-10-01,275.93823,300.09073,-7.4707773e-06,441.52216,2.1824262e-06,303.29794,0.06907757
598,2008-11-01,284.1108,297.98297,-2.3505296e-05,472.95853,3.6568672e-05,301.50327,0.13368113
599,2008-12-01,285.51498,297.27902,-3.1014155e-05,485.2954,3.1496464e-05,300.3415,0.16022846
600,2009-01-01,284.03043,297.7235,-2.4559999e-05,481.5747,4.0155464e-05,301.58823,0.14914398
601,2009-02-01,291.08963,295.16864,-4.2612388e-05,459.91324,0.000109570865,297.03455,0.32765692
602,2009-03-01,286.65033,295.46298,-3.634553e-05,416.8796,2.8213224e-05,296.8508,0.21167143
603,2009-04-01,281.47275,295.38153,-1.638727e-05,358.49136,2.318592e-06,297.48935,0.08389379
604,2009-05-01,278.79398,293.03998,-1.0238215e-05,305.36115,1.3322478e-06,294.67093,0.07922276
605,2009-06-01,274.83865,290.19385,-6.243856e-06,278.83325,4.3265663e-07,291.40897,0.072997876
606,2009-07-01,271.63745,287.9567,-2.4369967e-06,290.33707,2.0436932e-08,289.69006,0.058311213
607,2009-08-01,269.99124,291.78302,-3.1829381e-06,334.4133,-7.275958e-12,293.4929,0.05688452
608,2009-09-01,274.30453,296.8826,-6.39649e-06,391.13538,4.345108e-06,299.39465,0.06601632
609,2009-10-01,279.9537,298.09982,-1.4215772e-05,441.16132,1.1713373e-05,301.11246,0.094204664
610,2009-11-01,279.8114,298.34308,-1.3106011e-05,472.7592,1.5043643e-05,302.28146,0.09184557
611,2009-12-01,283.88892,300.0873,-1.6335702e-05,485.23145,3.0405587e-05,304.24524,0.10198975
612,2010-01-01,289.2326,296.6536,-4.3945864e-05,481.71768,6.589795e-05,298.61252,0.25297672
613,2010-02-01,285.9332,298.39246,-2.600765e-05,460.22546,2.8651695e-05,301.77515,0.119584434
614,2010-03-01,288.6842,297.1783,-2.612834e-05,417.34836,3.7696424e-05,299.69257,0.16760954
615,2010-04-01,287.42075,294.95435,-2.5355204e-05,359.0021,2.2866296e-05,296.7823,0.17343895
616,2010-05-01,279.70218,293.52423,-8.27564e-06,305.73196,2.8778933e-07,295.3972,0.0795229
617,2010-06-01,273.06244,289.0186,-3.2123544e-06,278.92484,-7.275958e-12,290.4404,0.067597486
618,2010-07-01,272.30582,289.4653,-2.4426622e-06,290.12952,8.106826e-09,290.8739,0.060443286
619,2010-08-01,270.45547,292.31668,-2.3072369e-06,334.01852,-7.275958e-12,293.98593,0.0581949
620,2010-09-01,272.14786,296.72253,-3.9001707e-06,390.72134,1.8666759e-07,299.3446,0.06348844
621,2010-10-01,272.0425,299.46753,-6.2855997e-06,440.86667,7.2055616e-07,303.00772,0.0691252
622,2010-11-01,282.51547,297.33643,-2.3192651e-05,472.62955,4.2834272e-05,300.92902,0.15065055
623,2010-12-01,285.02008,297.35593,-3.0043915e-05,485.2401,3.3907065e-05,300.7175,0.1442896
624,2011-01-01,290.00793,295.24658,-4.2881322e-05,481.9415,9.165204e-05,296.99942,0.2939586
625,2011-02-01,290.3489,295.576,-4.6942143e-05,460.6151,6.576007e-05,297.15268,0.27418447
626,2011-03-01,290.75504,294.73523,-4.0966348e-05,417.8877,7.277324e-05,295.89258,0.32676372
627,2011-04-01,288.80417,293.65714,-3.6235575e-05,359.57388,3.866324e-05,294.819,0.2513963
628,2011-05-01,280.72565,290.9261,-2.158852e-05,306.15784,1.1752624e-06,291.883,0.12931868
629,2011-06-01,272.16104,287.47348,-8.199609e-06,279.06476,2.7367169e-09,288.35306,0.074781075
630,2011-07-01,270.93185,287.47348,-5.6149333e-06,289.9745,2.1949977e-09,288.60236,0.06822992
631,2011-08-01,271.34402,291.15115,-5.2089313e-06,333.68008,2.323893e-08,292.71518,0.06478808
632,2011-09-01,271.25436,296.45203,-6.974533e-06,390.37592,6.36075e-07,298.5172,0.06657078
633,2011-10-01,273.25925,297.6903,-7.167486e-06,440.6462,6.0391534e-07,301.32132,0.068253286
634,2011-11-01,279.50525,298.41162,-1.5583219e-05,472.57953,2.081379e-05,302.19162,0.09983296
635,2011-12-01,285.70148,296.14777,-3.5456695e-05,485.33282,5.325425e-05,298.78506,0.19466148
636,2012-01-01,287.05865,297.18478,-3.287212e-05,482.13782,5.857823e-05,300.20023,0.18802717
637,2012-02-01,289.32593,295.3693,-4.300788e-05,460.36932,7.881368e-05,297.4519,0.27372304
638,2012-03-01,287.94214,295.59042,-4.1746003e-05,416.6438,3.2269276e-05,297.0726,0.20543188
639,2012-04-01,281.26764,294.90018,-1.8393866e-05,358.1665,1.2722612e-06,296.6864,0.0906648
640,2012-05-01,275.5529,292.12564,-1.1770401e-05,305.15503,3.1070102e-10,293.5851,0.079072446
641,2012-06-01,270.9022,288.14767,-6.033005e-06,278.92245,1.5981759e-07,289.33865,0.070235215
642,2012-07-01,269.63034,288.42084,-4.29409e-06,290.76868,1.227121e-07,289.47968,0.064711355
643,2012-08-01,271.09717,292.75436,-3.5200403e-06,335.08185,1.4335603e-07,294.31567,0.059966862
644,2012-09-01,267.85645,295.82852,-5.2969676e-06,391.8532,1.4215532e-07,298.28033,0.06515749
645,2012-10-01,275.15125,299.57758,-5.8646806e-06,441.77463,2.8060117e-06,303.00714,0.06505739
646,2012-11-01,282.6507,299.02298,-1.4908862e-05,473.20874,2.4217592e-05,302.8032,0.09883136
647,2012-12-01,285.18796,298.22623,-2.5234858e-05,485.53894,3.184276e-05,301.79117,0.13188104
648,2013-01-01,285.23633,298.87277,-2.281557e-05,481.9438,1.8518276e-05,302.80078,0.11949895
649,2013-02-01,283.91776,299.7539,-1.41251e-05,460.25085,8.2446295e-06,304.41138,0.08434081
650,2013-03-01,282.79886,298.95132,-1.3102195e-05,417.16565,1.842892e-05,302.86768,0.0971973
651,2013-04-01,276.97092,295.3275,-1.336535e-05,358.7217,3.2032509e-07,297.99292,0.09088924
652,2013-05-01,274.25595,293.3898,-5.1362204e-06,305.56244,1.412605e-07,295.21637,0.07163907
653,2013-06-01,272.57178,291.21533,-2.2514675e-06,279.04483,-7.275958e-12,292.42978,0.0590003
654,2013-07-01,271.3861,290.6283,-1.5174221e-06,290.59576,2.9605092e-09,292.07825,0.051540714
655,2013-08-01,267.61835,292.0389,-2.0066689e-06,334.7266,1.0273778e-08,293.959,0.05024066
656,2013-09-01,271.59918,296.2881,-4.7298877e-06,391.48898,9.525316e-07,298.91766,0.057860516
657,2013-10-01,272.5244,299.49585,-3.7631357e-06,441.5364,8.0194036e-07,302.95514,0.057090342
658,2013-11-01,278.35483,299.56683,-9.264959e-06,473.1404,1.1858371e-05,303.79773,0.073917165
659,2013-12-01,287.35452,296.54993,-3.6095487e-05,485.6117,6.426529e-05,299.1448,0.20418513
660,2014-01-01,284.38394,297.66147,-2.5724055e-05,482.0146,2.6060576e-05,301.41257,0.11720984
661,2014-02-01,287.93237,296.6386,-3.215377e-05,460.49347,7.319578e-05,298.92578,0.19634244
662,2014-03-01,289.73724,295.53754,-3.946931e-05,417.5698,4.5999648e-05,297.0523,0.24857385
663,2014-04-01,284.7089,294.2425,-2.1908223e-05,359.1779,1.3443182e-05,295.95773,0.12874286
664,2014-05-01,277.85217,293.10312,-8.718366e-06,305.88742,1.2948385e-07,294.8111,0.07636535
665,2014-06-01,273.56863,290.23972,-3.5870603e-06,279.0938,6.28678e-10,291.44525,0.06265918
666,2014-07-01,271.76486,289.75177,-2.5373113e-06,290.34344,1.1050619e-08,291.06686,0.057503097
667,2014-08-01,269.7881,292.94247,-3.1358063e-06,334.27945,1.642098e-08,294.60956,0.06084227
668,2014-09-01,273.29346,296.3655,-5.0822687e-06,391.01608,4.5480817e-07,298.80667,0.06622563
669,2014-10-01,275.1369,298.8938,-7.524599e-06,441.1741,2.0608747e-06,302.4734,0.07029339
670,2014-11-01,281.4396,298.155,-1.47449855e-05,472.93857,1.7022432e-05,302.24155,0.0979251
671,2014-12-01,282.6627,298.30453,-1.844873e-05,485.544,2.0602753e-05,302.33682,0.11284013
672,2015-01-01,284.64847,299.38266,-1.6143034e-05,482.13937,2.384679e-05,303.90396,0.10441406
673,2015-02-01,279.9766,299.8213,-1.4326932e-05,460.78818,5.293699e-06,304.26645,0.084835485
674,2015-03-01,286.26187,297.9983,-2.1216296e-05,418.0232,3.7572892e-05,301.5339,0.1449993
675,2015-04-01,283.69418,295.7646,-1.9042816e-05,359.6759,9.49618e-06,298.0309,0.12673564
676,2015-05-01,275.01834,293.78882,-6.2302734e-06,306.24957,1.2817594e-08,295.5443,0.07487632
677,2015-06-01,269.4123,288.39273,-2.4730134e-06,279.18033,1.7945936e-09,290.14743,0.06625323
678,2015-07-01,269.73315,290.28467,-1.4015284e-06,290.12796,1.2228417e-08,291.74847,0.052299157
679,2015-08-01,269.38803,293.8839,-2.073393e-06,333.87045,1.4834947e-07,295.33447,0.050306953
680,2015-09-01,271.29404,297.55957,-4.246225e-06,390.588,5.4882147e-08,300.18384,0.06282491
681,2015-10-01,273.81866,300.71246,-4.05165e-06,440.86182,1.1998624e-06,304.13702,0.06276356
682,2015-11-01,273.2407,300.57803,-2.7841054e-06,472.79092,1.2717428e-06,305.2349,0.058449022
683,2015-12-01,285.21774,299.56378,-1.9147268e-05,485.5349,3.7943337e-05,303.52728,0.122273214
684,2016-01-01,285.65845,299.1648,-2.8830043e-05,482.07617,3.3010227e-05,302.52307,0.13261528
685,2016-02-01,286.1937,299.63455,-2.326834e-05,460.2957,2.280572e-05,303.5895,0.115210444
686,2016-03-01,285.38513,297.78207,-2.2378883e-05,416.5548,2.6643325e-05,300.70667,0.13049729
687,2016-04-01,282.53903,297.73206,-8.608379e-06,358.07507,3.997458e-06,300.59677,0.07984642
688,2016-05-01,274.5412,293.2437,-3.4295715e-06,305.08154,1.5785196e-07,295.67422,0.07006449
689,2016-06-01,272.90784,291.2438,-1.7017078e-06,278.8862,3.9796266e-08,292.78452,0.06405825
690,2016-07-01,268.8458,289.71497,-9.350137e-07,290.76648,-7.275958e-12,291.3312,0.052903526
691,2016-08-01,268.7627,293.69806,-1.2258708e-06,335.0943,6.0577507e-09,295.44247,0.050797336
692,2016-09-01,269.31183,296.99466,-1.7945576e-06,391.8554,4.256463e-08,299.93497,0.052821435
693,2016-10-01,272.70517,301.2015,-2.4493781e-06,441.75253,6.860529e-07,304.77908,0.054764517
694,2016-11-01,282.04166,300.0065,-1.4043687e-05,473.1648,1.4714669e-05,304.22897,0.09362975
695,2016-12-01,285.66953,299.4379,-1.8680506e-05,485.48654,2.460595e-05,303.9252,0.10901257
696,2017-01-01,287.08276,297.38812,-3.264315e-05,481.71124,5.2407653e-05,300.13895,0.17483026
697,2017-02-01,289.7651,295.79425,-3.9163002e-05,460.01407,8.9583766e-05,297.6475,0.26907504
698,2017-03-01,288.61783,295.642,-3.723072e-05,416.92996,3.5854388e-05,297.36514,0.2174987
699,2017-04-01,284.6804,293.93903,-2.4443963e-05,358.50406,1.9316241e-05,296.25302,0.13555342
700,2017-05-01,278.63638,292.56848,-1.144292e-05,305.38168,1.0395327e-07,294.20374,0.081145145
701,2017-06-01,275.96933,290.90363,-6.330671e-06,278.91064,1.7945936e-09,292.16193,0.07066461
702,2017-07-01,273.1684,290.66382,-3.7438003e-06,290.49066,-7.275958e-12,292.0031,0.05982306
703,2017-08-01,269.78674,293.11377,-2.1499345e-06,334.62103,3.1070102e-10,294.94885,0.04768166
704,2017-09-01,274.02496,298.5549,-4.2835272e-06,391.35406,7.8455884e-07,301.13538,0.058402896
705,2017-10-01,274.72525,298.1329,-7.724524e-06,441.35934,6.322531e-06,301.86115,0.0720414
706,2017-11-01,278.0834,298.98062,-1.0717507e-05,472.92896,8.0987365e-06,302.97833,0.084348306
707,2017-12-01,284.5433,299.00897,-1.998619e-05,485.38348,2.9168012e-05,302.83997,0.11672472
708,2018-01-01,283.30487,299.65228,-1.7227994e-05,481.74124,2.0350726e-05,304.29855,0.10119049
709,2018-02-01,286.29224,298.359,-2.6489404e-05,460.2186,3.1543685e-05,301.92316,0.13929784
710,2018-03-01,289.0729,296.52167,-2.8023687e-05,417.30005,5.2009214e-05,299.27493,0.19517772
711,2018-04-01,286.37915,294.87402,-2.6739199e-05,358.9302,2.0816697e-05,296.3449,0.18646073
712,2018-05-01,277.55606,293.6503,-6.729797e-06,305.68054,1.2929543e-07,295.40088,0.07495067
713,2018-06-01,272.44626,290.5636,-3.2728733e-06,278.93457,-7.275958e-12,291.81485,0.06654399
714,2018-07-01,273.82532,290.1156,-1.5169785e-06,290.2149,1.9024743e-07,291.54227,0.05551308
715,2018-08-01,269.9286,293.70428,-2.2737174e-06,334.14642,4.573808e-09,295.8133,0.05281073
716,2018-09-01,269.2757,296.90378,-3.2375704e-06,390.84906,1.6630725e-07,299.70374,0.056898776
717,2018-10-01,274.95572,299.2266,-7.788273e-06,440.961,7.3094047e-06,302.3656,0.07660406
718,2018-11-01,276.40607,301.0354,-6.4649557e-06,472.6888,5.5953637e-06,305.11542,0.07073942
719,2018-12-01,280.71326,300.78677,-1.10044975e-05,485.2798,1.6097298e-05,305.53665,0.085178085
720,2019-01-01,283.28387,300.37607,-1.64996e-05,481.82288,1.6752527e-05,304.6684,0.09846826
721,2019-02-01,283.82208,300.0945,-1.722551e-05,460.47122,2.0887943e-05,304.0621,0.09902396
722,2019-03-01,282.52097,300.37445,-1.0870946e-05,417.7158,7.631572e-06,304.60345,0.0814927
723,2019-04-01,281.26462,298.00845,-7.744377e-06,359.3958,4.229951e-06,301.38168,0.077727064
724,2019-05-01,274.76273,295.49182,-2.5781735e-06,306.01572,3.9267285e-08,297.68457,0.06776144
725,2019-06-01,271.72546,291.28906,-9.2670365e-07,278.99313,-7.275958e-12,292.9069,0.05279152
726,2019-07-01,266.23456,290.93036,-5.189793e-07,289.97296,-7.275958e-12,292.12463,0.038637903
727,2019-08-01,268.33478,294.19254,-6.355605e-07,333.70953,9.871637e-11,296.12744,0.035107184
728,2019-09-01,267.97348,296.88794,-7.6957815e-07,390.38657,8.625107e-09,299.65704,0.039126117
729,2019-10-01,273.09964,300.338,-2.6939967e-06,440.60977,2.641101e-06,303.97556,0.054596923
730,2019-11-01,278.7519,301.0495,-4.5935044e-06,472.49988,4.4512335e-06,305.93927,0.06391742
731,2019-12-01,285.88742,298.88687,-2.6998547e-05,485.2266,5.1925595e-05,302.30225,0.14105658
732,2020-01-01,287.014,298.54413,-3.2190368e-05,481.8889,4.522961e-05,301.48584,0.17421587
733,2020-02-01,288.43466,297.8271,-2.6625516e-05,460.10214,7.5809454e-05,301.08588,0.1910744
734,2020-03-01,289.0213,296.52353,-3.462437e-05,416.35907,3.5389552e-05,298.36542,0.18925934
735,2020-04-01,284.32657,295.9202,-2.1220629e-05,357.89185,7.9562005e-06,297.95667,0.122765355
736,2020-05-01,273.87067,292.80487,-5.920302e-06,304.93066,5.704527e-09,294.75656,0.07264884
737,2020-06-01,271.44196,289.2127,-3.01891e-06,278.7757,6.28678e-10,290.68994,0.06245146
738,2020-07-01,268.75165,289.01645,-1.4137107e-06,290.68964,2.1949977e-09,290.09918,0.046179086
739,2020-08-01,268.4542,292.53717,-1.1197559e-06,335.0201,-7.275958e-12,294.23206,0.045142237
740,2020-09-01,270.1406,297.53967,-1.2885879e-06,391.7574,2.7655523e-07,300.05756,0.047293097
741,2020-10-01,273.4907,300.76495,-1.665418e-06,441.61755,1.1143923e-06,304.31137,0.04653252
742,2020-11-01,279.96066,299.77255,-1.0897682e-05,472.9987,1.4916016e-05,304.02557,0.082278736
743,2020-12-01,282.20303,299.6908,-1.1746876e-05,485.30527,3.195309e-05,304.25027,0.0962553
744,2021-01-01,290.6404,295.8613,-4.0477385e-05,481.57693,0.00011897189,297.33002,0.30805573
745,2021-02-01,288.30386,296.08765,-3.885775e-05,459.87036,5.9336457e-05,297.48566,0.2365465
746,2021-03-01,288.32217,295.9786,-3.529273e-05,416.77957,4.2225816e-05,298.24503,0.20283769
747,2021-04-01,282.83157,294.61087,-2.6571852e-05,358.35965,1.9934687e-06,296.10562,0.11311019
748,2021-05-01,278.805,291.73782,-1.3787636e-05,305.26376,3.9406734e-07,293.48904,0.079785824
749,2021-06-01,274.46585,288.94046,-7.5190756e-06,278.83228,1.900586e-09,290.02402,0.07100843
750,2021-07-01,271.12714,288.54163,-4.8697566e-06,290.44574,4.0792694e-09,289.79462,0.06104731
751,2021-08-01,271.04526,292.14053,-5.6873455e-06,334.5841,2.6654577e-08,293.75574,0.059309956
752,2021-09-01,272.47253,296.99503,-8.646075e-06,391.2989,1.9836223e-08,299.37918,0.066324644
753,2021-10-01,274.06186,297.54083,-1.32004e-05,441.2727,7.924205e-06,300.89175,0.08164311
754,2021-11-01,277.17282,299.44073,-1.1342927e-05,472.81525,4.7499666e-06,303.7649,0.07303235
755,2021-12-01,280.09924,298.86044,-1.2670264e-05,485.2575,9.044889e-06,303.4674,0.079742156
756,2022-01-01,283.82776,298.22156,-2.2625534e-05,481.64755,4.4373977e-05,302.0733,0.12906677
757,2022-02-01,289.50763,296.58286,-4.5060613e-05,460.11386,5.7815134e-05,298.4042,0.23512682
758,2022-03-01,288.1431,295.64154,-3.0595955e-05,417.18478,3.2288124e-05,297.8104,0.17037107
759,2022-04-01,284.0903,294.87253,-2.0842037e-05,358.8159,9.462288e-06,296.92105,0.1209478
760,2022-05-01,275.01694,291.15973,-9.669578e-06,305.5883,1.245221e-08,293.02658,0.07783954
761,2022-06-01,273.24332,288.29736,-4.722763e-06,278.8808,1.4349693e-07,289.70328,0.07007982
762,2022-07-01,273.60397,290.18063,-3.926627e-06,290.1938,2.0889803e-09,291.32727,0.068143144
763,2022-08-01,269.5186,292.2807,-4.5883403e-06,334.13724,1.43363055e-08,293.6441,0.067904584
764,2022-09-01,271.4599,297.09406,-3.9683764e-06,390.82635,4.691558e-09,299.41962,0.065427266
765,2022-10-01,277.48422,299.77747,-9.480277e-06,440.9116,5.040798e-06,302.95486,0.0769675
766,2022-11-01,279.44638,299.16135,-1.0577532e-05,472.61505,4.4977487e-06,303.669,0.07485484
767,2022-12-01,281.30478,299.30875,-1.5429292e-05,485.1933,1.49809e-05,303.87726,0.09001021
